Matrix_Size,Implementation,Block_Size,Threads_Per_Block,Grid_X,Grid_Y,Run,Time_ms,Average_ms,Speedup,Correctness
1000,CPU,0,0,0,0,0,747.89,747.89,1,PASS
1000,Basic_CUDA,8,64,125,125,1,8.90405,8.90117,84.0215,PASS
1000,Basic_CUDA,8,64,125,125,2,8.8999,8.90117,84.0215,PASS
1000,Basic_CUDA,8,64,125,125,3,8.90723,8.90117,84.0215,PASS
1000,Basic_CUDA,8,64,125,125,4,8.8999,8.90117,84.0215,PASS
1000,Basic_CUDA,8,64,125,125,5,8.89478,8.90117,84.0215,PASS
1000,Tiled_CUDA,8,64,125,125,1,7.06909,6.7812,110.289,PASS
1000,Tiled_CUDA,8,64,125,125,2,6.70996,6.7812,110.289,PASS
1000,Tiled_CUDA,8,64,125,125,3,6.70898,6.7812,110.289,PASS
1000,Tiled_CUDA,8,64,125,125,4,6.70801,6.7812,110.289,PASS
1000,Tiled_CUDA,8,64,125,125,5,6.70996,6.7812,110.289,PASS
1000,Basic_CUDA,16,256,63,63,1,6.45605,6.45259,115.905,PASS
1000,Basic_CUDA,16,256,63,63,2,6.46191,6.45259,115.905,PASS
1000,Basic_CUDA,16,256,63,63,3,6.44287,6.45259,115.905,PASS
1000,Basic_CUDA,16,256,63,63,4,6.45605,6.45259,115.905,PASS
1000,Basic_CUDA,16,256,63,63,5,6.44604,6.45259,115.905,PASS
1000,Tiled_CUDA,16,256,63,63,1,5.16699,5.16021,144.934,PASS
1000,Tiled_CUDA,16,256,63,63,2,5.16113,5.16021,144.934,PASS
1000,Tiled_CUDA,16,256,63,63,3,5.15601,5.16021,144.934,PASS
1000,Tiled_CUDA,16,256,63,63,4,5.16309,5.16021,144.934,PASS
1000,Tiled_CUDA,16,256,63,63,5,5.15381,5.16021,144.934,PASS
1000,Basic_CUDA,32,1024,32,32,1,5.86499,5.86587,127.499,PASS
1000,Basic_CUDA,32,1024,32,32,2,5.86621,5.86587,127.499,PASS
1000,Basic_CUDA,32,1024,32,32,3,5.86597,5.86587,127.499,PASS
1000,Basic_CUDA,32,1024,32,32,4,5.86719,5.86587,127.499,PASS
1000,Basic_CUDA,32,1024,32,32,5,5.86499,5.86587,127.499,PASS
1000,Tiled_CUDA,32,1024,32,32,1,4.89185,4.89575,152.763,PASS
1000,Tiled_CUDA,32,1024,32,32,2,4.8999,4.89575,152.763,PASS
1000,Tiled_CUDA,32,1024,32,32,3,4.90405,4.89575,152.763,PASS
1000,Tiled_CUDA,32,1024,32,32,4,4.89209,4.89575,152.763,PASS
1000,Tiled_CUDA,32,1024,32,32,5,4.89087,4.89575,152.763,PASS
2000,CPU,0,0,0,0,0,7022.22,7022.22,1,PASS
2000,Basic_CUDA,8,64,250,250,1,88.479,64.6384,108.639,PASS
2000,Basic_CUDA,8,64,250,250,2,88.481,64.6384,108.639,PASS
2000,Basic_CUDA,8,64,250,250,3,53.239,64.6384,108.639,PASS
2000,Basic_CUDA,8,64,250,250,4,46.2378,64.6384,108.639,PASS
2000,Basic_CUDA,8,64,250,250,5,46.7551,64.6384,108.639,PASS
2000,Tiled_CUDA,8,64,250,250,1,30.7371,31.708,221.466,PASS
2000,Tiled_CUDA,8,64,250,250,2,31.8289,31.708,221.466,PASS
2000,Tiled_CUDA,8,64,250,250,3,31.75,31.708,221.466,PASS
2000,Tiled_CUDA,8,64,250,250,4,31.925,31.708,221.466,PASS
2000,Tiled_CUDA,8,64,250,250,5,32.2988,31.708,221.466,PASS
2000,Basic_CUDA,16,256,125,125,1,29.23,30.066,233.56,PASS
2000,Basic_CUDA,16,256,125,125,2,30.084,30.066,233.56,PASS
2000,Basic_CUDA,16,256,125,125,3,30.355,30.066,233.56,PASS
2000,Basic_CUDA,16,256,125,125,4,30.332,30.066,233.56,PASS
2000,Basic_CUDA,16,256,125,125,5,30.3289,30.066,233.56,PASS
2000,Tiled_CUDA,16,256,125,125,1,19.157,20.0417,350.38,PASS
2000,Tiled_CUDA,16,256,125,125,2,19.6169,20.0417,350.38,PASS
2000,Tiled_CUDA,16,256,125,125,3,20.2959,20.0417,350.38,PASS
2000,Tiled_CUDA,16,256,125,125,4,20.6509,20.0417,350.38,PASS
2000,Tiled_CUDA,16,256,125,125,5,20.488,20.0417,350.38,PASS
2000,Basic_CUDA,32,1024,63,63,1,23.6211,24.7005,284.295,PASS
2000,Basic_CUDA,32,1024,63,63,2,24.717,24.7005,284.295,PASS
2000,Basic_CUDA,32,1024,63,63,3,25.0771,24.7005,284.295,PASS
2000,Basic_CUDA,32,1024,63,63,4,25.053,24.7005,284.295,PASS
2000,Basic_CUDA,32,1024,63,63,5,25.0342,24.7005,284.295,PASS
2000,Tiled_CUDA,32,1024,63,63,1,17.2842,16.9999,413.075,PASS
2000,Tiled_CUDA,32,1024,63,63,2,16.9351,16.9999,413.075,PASS
2000,Tiled_CUDA,32,1024,63,63,3,16.929,16.9999,413.075,PASS
2000,Tiled_CUDA,32,1024,63,63,4,16.9292,16.9999,413.075,PASS
2000,Tiled_CUDA,32,1024,63,63,5,16.9219,16.9999,413.075,PASS
