Matrix_Size,Implementation,Block_Size,Threads_Per_Block,Grid_X,Grid_Y,Runs,Average_ms,CPU_Average_ms,Speedup,Correctness
1000,Basic_CUDA,8,64,125,125,5,8.901171999999999,747.89,84.02151986277762,PASS
1000,Basic_CUDA,16,256,63,63,5,6.452584,747.89,115.90550390355244,PASS
1000,Basic_CUDA,32,1024,32,32,5,5.865869999999999,747.89,127.498563725415,PASS
1000,Tiled_CUDA,8,64,125,125,5,6.7812,747.89,110.28873945614345,PASS
1000,Tiled_CUDA,16,256,63,63,5,5.1602060000000005,747.89,144.9341363503705,PASS
1000,Tiled_CUDA,32,1024,32,32,5,4.895752,747.89,152.7630484550688,PASS
2000,Basic_CUDA,8,64,250,250,5,64.63838,7022.22,108.63855189440082,PASS
2000,Basic_CUDA,16,256,125,125,5,30.065980000000003,7022.22,233.56032299629015,PASS
2000,Basic_CUDA,32,1024,63,63,5,24.70048,7022.22,284.2948800994961,PASS
2000,Tiled_CUDA,8,64,250,250,5,31.707960000000003,7022.22,221.46552474520593,PASS
2000,Tiled_CUDA,16,256,125,125,5,20.041739999999997,7022.22,350.3797574462098,PASS
2000,Tiled_CUDA,32,1024,63,63,5,16.999879999999997,7022.22,413.0746805271567,PASS
