Problem,Method,n,Threads,Blocks,Run,Time_ms,Average_ms,Speedup,Residual,MaxSolutionDifference
Q2,Sequential,1000,0,0,1,281.596,271.024,1,5.25802e-13,0
Q2,Sequential,1000,0,0,2,273.453,271.024,1,5.25802e-13,0
Q2,Sequential,1000,0,0,3,273.708,271.024,1,5.25802e-13,0
Q2,Sequential,1000,0,0,4,269.151,271.024,1,5.25802e-13,0
Q2,Sequential,1000,0,0,5,257.214,271.024,1,5.25802e-13,0
Q2,CUDA,1000,8,125,1,129.912,100.931,2.68524,0.313608,5.89216e-05
Q2,CUDA,1000,8,125,2,94.1831,100.931,2.68524,0.313608,5.89216e-05
Q2,CUDA,1000,8,125,3,105.193,100.931,2.68524,0.313608,5.89216e-05
Q2,CUDA,1000,8,125,4,87.7681,100.931,2.68524,0.313608,5.89216e-05
Q2,CUDA,1000,8,125,5,87.5991,100.931,2.68524,0.313608,5.89216e-05
Q2,CUDA,1000,16,63,1,90.8728,84.4646,3.20873,0.313608,5.89216e-05
Q2,CUDA,1000,16,63,2,84.3552,84.4646,3.20873,0.313608,5.89216e-05
Q2,CUDA,1000,16,63,3,87.209,84.4646,3.20873,0.313608,5.89216e-05
Q2,CUDA,1000,16,63,4,79.6511,84.4646,3.20873,0.313608,5.89216e-05
Q2,CUDA,1000,16,63,5,80.2351,84.4646,3.20873,0.313608,5.89216e-05
Q2,CUDA,1000,32,32,1,90.6599,91.4119,2.96487,0.313608,5.89216e-05
Q2,CUDA,1000,32,32,2,90.79,91.4119,2.96487,0.313608,5.89216e-05
Q2,CUDA,1000,32,32,3,92.0842,91.4119,2.96487,0.313608,5.89216e-05
Q2,CUDA,1000,32,32,4,90.748,91.4119,2.96487,0.313608,5.89216e-05
Q2,CUDA,1000,32,32,5,92.7771,91.4119,2.96487,0.313608,5.89216e-05
Q2,Sequential,2000,0,0,1,1459.45,1484.58,1,9.66338e-13,0
Q2,Sequential,2000,0,0,2,1496.89,1484.58,1,9.66338e-13,0
Q2,Sequential,2000,0,0,3,1487.07,1484.58,1,9.66338e-13,0
Q2,Sequential,2000,0,0,4,1501.33,1484.58,1,9.66338e-13,0
Q2,Sequential,2000,0,0,5,1478.17,1484.58,1,9.66338e-13,0
Q2,CUDA,2000,8,250,1,698.849,577.502,2.5707,0.151753,1.45915e-05
Q2,CUDA,2000,8,250,2,539.057,577.502,2.5707,0.151753,1.45915e-05
Q2,CUDA,2000,8,250,3,538.761,577.502,2.5707,0.151753,1.45915e-05
Q2,CUDA,2000,8,250,4,555.73,577.502,2.5707,0.151753,1.45915e-05
Q2,CUDA,2000,8,250,5,555.111,577.502,2.5707,0.151753,1.45915e-05
Q2,CUDA,2000,16,125,1,547.505,547.985,2.70917,0.151753,1.45915e-05
Q2,CUDA,2000,16,125,2,562.598,547.985,2.70917,0.151753,1.45915e-05
Q2,CUDA,2000,16,125,3,549.105,547.985,2.70917,0.151753,1.45915e-05
Q2,CUDA,2000,16,125,4,540.47,547.985,2.70917,0.151753,1.45915e-05
Q2,CUDA,2000,16,125,5,540.248,547.985,2.70917,0.151753,1.45915e-05
Q2,CUDA,2000,32,63,1,610.911,611.464,2.42792,0.151753,1.45915e-05
Q2,CUDA,2000,32,63,2,610.313,611.464,2.42792,0.151753,1.45915e-05
Q2,CUDA,2000,32,63,3,610.946,611.464,2.42792,0.151753,1.45915e-05
Q2,CUDA,2000,32,63,4,614.852,611.464,2.42792,0.151753,1.45915e-05
Q2,CUDA,2000,32,63,5,610.296,611.464,2.42792,0.151753,1.45915e-05
